"Central Waterfront","Portrero Hill"
"Marina","Marina"
"Inner Sunset","Sunset/Parkside"
Mission
Ingleside, Other
Bernal Heights
South Central, Other
India Basin
BVHP Area A,B
Rincon Hill
Outer Sunset
Downtown
Central
Richmond
East SoMa
Other S Bayshore
Northeast
Mission Bay
Market Octavia
VisVal
Showpl/Potrero
Buena Vista
WSoMa
TB Combo
Western Addition
South of Market, Other
Balboa Park
Executive Park
Japantown
Candlestick
Park Merced
Treasure Island
HP Shipyard
Bayshore
Glen Park Compact
Bayview
Lakeshore
Treasure Island/YBI
Visitacion Valley
Potrero Hill
South of Market
Downtown/Civic Center
Financial District
Nob Hill
Castro/Upper Market
Pacific Heights
Outer Mission
Parkside
Inner Richmond
Excelsior
Ocean View
Chinatown
Russian Hill
North Beach
West of Twin Peaks
Crocker Amazon
Presidio Heights
Outer Richmond
Twin Peaks
Noe Valley
Haight Ashbury
Golden Gate Park
Glen Park
Seacliff
Diamond Heights
